BeginDate,EndDate,TimeWindow,Correlation,Corr. Stddev,#EQs
 
1950.0765199999998,1951.07648,1.0,1.3709,1.2746,94
1950.1534399999998,1951.1534,1.0,1.3807,1.2963,97
1950.2303599999998,1951.23032,1.0,1.3864,1.2971,95
1950.30728,1951.30724,1.0,1.366,1.28,96
1950.3842,1951.38416,1.0,1.3628,1.2706,93
1950.46112,1951.46108,1.0,1.3634,1.2717,94
1950.53804,1951.538,1.0,1.4779,1.1981,103
1950.6149599999999,1951.61492,1.0,1.5671,1.2756,52
1950.6918799999999,1951.69184,1.0,1.5219,1.2396,47
1950.7687999999998,1951.76876,1.0,1.46,1.2754,47
1950.8457199999998,1951.84568,1.0,1.5019,1.2753,44
1950.92264,1951.9226,1.0,1.5696,1.3031,46
1950.99956,1951.99952,1.0,1.5797,1.2672,51
1951.07648,1952.07644,1.0,1.4277,0.9872,43
1951.1534,1952.15336,1.0,1.3874,1.0898,47
1951.23032,1952.23028,1.0,1.6465,1.3835,48
1951.3072399999999,1952.3072,1.0,1.561,1.299,50
1951.3841599999998,1952.38412,1.0,1.577,1.3165,47
1951.4610799999998,1952.46104,1.0,2.1164,1.3856,50
1951.538,1952.53796,1.0,2.059,1.5054,44
1951.61492,1952.61488,1.0,1.2571,1.2662,259
1951.69184,1952.6918,1.0,1.252,1.2589,289
1951.76876,1952.76872,1.0,1.259,1.2599,301
1951.84568,1952.84564,1.0,1.2637,1.2585,309
1951.9225999999999,1952.92256,1.0,1.5557,1.3359,328
1951.9995199999998,1952.99948,1.0,1.5883,1.3405,334
1952.0764399999998,1953.0764,1.0,1.5765,1.3409,340
1952.1533599999998,1953.15332,1.0,1.573,1.3177,347
1952.23028,1953.23024,1.0,1.5757,1.3164,355
1952.3072,1953.30716,1.0,1.5865,1.3146,355
1952.38412,1953.38408,1.0,1.4945,1.2372,368
1952.46104,1953.461,1.0,1.5107,1.2277,384
1952.5379599999999,1953.53792,1.0,1.4883,1.4767,394
1952.6148799999999,1953.61484,1.0,1.6649,1.7645,186
1952.6917999999998,1953.69176,1.0,1.7116,1.8695,164
1952.7687199999998,1953.76868,1.0,1.7392,1.9624,153
1952.84564,1953.8456,1.0,1.7727,2.0143,147
1952.92256,1953.92252,1.0,1.692,1.8571,133
1952.99948,1953.99944,1.0,1.5303,1.8512,124
1953.0764,1954.07636,1.0,1.4661,2.0499,131
1953.15332,1954.15328,1.0,1.4066,2.166,128
1953.2302399999999,1954.2302,1.0,1.5252,1.7851,188
1953.3071599999998,1954.30712,1.0,1.4613,1.7137,201
1953.3840799999998,1954.38404,1.0,1.4136,1.7123,200
1953.4609999999998,1954.46096,1.0,1.4058,1.6578,189
1953.53792,1954.53788,1.0,1.3757,1.6258,180
1953.61484,1954.6148,1.0,1.2967,1.6785,175
1953.69176,1954.69172,1.0,1.2844,1.6617,169
1953.76868,1954.76864,1.0,1.2628,1.6248,171
1953.8455999999999,1954.84556,1.0,1.2591,1.5972,189
1953.9225199999998,1954.92248,1.0,1.3017,1.5978,214
1953.9994399999998,1954.9994,1.0,1.3132,1.5981,215
1954.0763599999998,1955.07632,1.0,1.2972,1.538,209
1954.15328,1955.15324,1.0,1.2771,1.499,201
1954.2302,1955.23016,1.0,1.5846,1.6594,134
1954.30712,1955.30708,1.0,1.6261,1.6614,116
1954.38404,1955.384,1.0,1.6332,1.5514,110
1954.46096,1955.46092,1.0,1.6546,1.5511,108
1954.5378799999999,1955.53784,1.0,1.6538,1.5343,107
1954.6147999999998,1955.61476,1.0,1.6342,1.528,112
1954.6917199999998,1955.69168,1.0,1.6302,1.5285,114
1954.76864,1955.7686,1.0,1.6742,1.5157,109
1954.84556,1955.84552,1.0,1.6671,1.5346,92
1954.92248,1955.92244,1.0,1.7846,1.9726,71
1954.9994,1955.99936,1.0,1.9124,1.4194,89
1955.07632,1956.07628,1.0,1.8542,1.2929,87
1955.1532399999999,1956.1532,1.0,3.8648,3.4327,166
1955.2301599999998,1956.23012,1.0,4.0471,3.0338,213
1955.3070799999998,1956.30704,1.0,4.0647,3.0463,224
1955.3839999999998,1956.38396,1.0,4.1657,3.0076,229
1955.46092,1956.46088,1.0,4.168,3.0217,229
1955.53784,1956.5378,1.0,4.2326,3.0026,236
1955.61476,1956.61472,1.0,4.2336,2.9939,227
1955.69168,1956.69164,1.0,4.2052,2.9493,240
1955.7685999999999,1956.76856,1.0,4.2251,2.9325,249
1955.8455199999999,1956.84548,1.0,4.2451,2.9149,248
1955.9224399999998,1956.9224,1.0,4.1985,2.877,241
1955.9993599999998,1956.99932,1.0,4.3762,2.872,228
1956.07628,1957.07624,1.0,4.4131,2.8159,229
1956.1532,1957.15316,1.0,4.1197,2.6701,162
1956.23012,1957.23008,1.0,4.4302,2.796,122
1956.30704,1957.307,1.0,4.3175,2.7834,126
1956.38396,1957.38392,1.0,3.7507,2.7543,133
1956.4608799999999,1957.46084,1.0,3.5895,2.7099,134
1956.5377999999998,1957.53776,1.0,3.4399,2.6685,129
1956.6147199999998,1957.61468,1.0,3.3326,2.6069,139
1956.69164,1957.6916,1.0,3.0599,2.5419,125
1956.76856,1957.76852,1.0,3.0522,2.5231,124
1956.84548,1957.84544,1.0,3.0067,2.5098,124
1956.9224,1957.92236,1.0,2.9509,2.5002,124
1956.99932,1957.99928,1.0,2.9136,2.4819,127
1957.0762399999999,1958.0762,1.0,2.9085,2.4852,124
1957.1531599999998,1958.15312,1.0,2.6831,2.4124,110
1957.2300799999998,1958.23004,1.0,2.6828,2.4144,107
1957.3069999999998,1958.30696,1.0,2.5607,2.4482,99
1957.38392,1958.38388,1.0,2.931,2.6861,85
1957.46084,1958.4608,1.0,3.0688,2.7578,81
1957.53776,1958.53772,1.0,2.8661,2.7039,79
1957.61468,1958.61464,1.0,2.8776,2.7806,73
1957.6915999999999,1958.69156,1.0,2.9961,2.8377,74
1957.7685199999999,1958.76848,1.0,2.7582,2.7637,69
1957.8454399999998,1958.8454,1.0,2.6797,2.7174,73
1957.9223599999998,1958.92232,1.0,2.1931,2.0922,85
1957.99928,1958.99924,1.0,1.5894,1.3009,95
1958.0762,1959.07616,1.0,1.7617,1.3228,115
1958.15312,1959.15308,1.0,1.7287,1.2358,120
1958.23004,1959.23,1.0,1.6654,1.1385,117
1958.30696,1959.30692,1.0,1.5978,1.0798,114
1958.3838799999999,1959.38384,1.0,1.6029,1.1224,117
1958.4607999999998,1959.46076,1.0,1.6037,1.1145,119
1958.5377199999998,1959.53768,1.0,1.6012,1.116,124
1958.61464,1959.6146,1.0,1.5835,1.0973,128
1958.69156,1959.69152,1.0,1.5898,1.0898,133
1958.76848,1959.76844,1.0,1.5068,1.0026,134
1958.8454,1959.84536,1.0,1.4981,0.9768,136
1958.92232,1959.92228,1.0,1.5168,1.0007,121
1958.9992399999999,1959.9992,1.0,1.6491,1.1347,98
1959.0761599999998,1960.07612,1.0,1.4525,1.2998,79
1959.1530799999998,1960.15304,1.0,1.4839,1.3879,76
1959.2299999999998,1960.22996,1.0,1.5402,1.5256,74
1959.30692,1960.30688,1.0,1.5576,1.4777,76
1959.38384,1960.3838,1.0,1.5378,1.2716,73
1959.46076,1960.46072,1.0,1.5232,1.2561,69
1959.53768,1960.53764,1.0,1.4318,1.1096,65
1959.6145999999999,1960.61456,1.0,1.471,1.2189,63
1959.6915199999999,1960.69148,1.0,1.5245,1.1814,62
1959.7684399999998,1960.7684,1.0,1.5702,1.384,57
1959.8453599999998,1960.84532,1.0,1.6655,1.5821,51
1959.92228,1960.92224,1.0,1.6931,1.6243,54
1959.9992,1960.99916,1.0,1.7017,1.5842,56
1960.07612,1961.07608,1.0,1.7446,1.6431,57
1960.15304,1961.153,1.0,1.8239,1.7329,60
1960.22996,1961.22992,1.0,1.8334,1.775,63
1960.3068799999999,1961.30684,1.0,1.9684,1.9766,60
1960.3837999999998,1961.38376,1.0,2.1097,2.0741,64
1960.4607199999998,1961.46068,1.0,2.0402,1.9768,68
1960.53764,1961.5376,1.0,2.032,2.0063,67
1960.61456,1961.61452,1.0,2.0739,2.0328,66
1960.69148,1961.69144,1.0,2.0444,2.1063,66
1960.7684,1961.76836,1.0,1.7797,1.7696,82
1960.84532,1961.84528,1.0,1.6718,1.5306,87
1960.9222399999999,1961.9222,1.0,1.7524,1.596,86
1960.9991599999998,1961.99912,1.0,1.7542,1.5631,85
1961.0760799999998,1962.07604,1.0,1.7247,1.4616,82
1961.1529999999998,1962.15296,1.0,1.7368,1.6027,79
1961.22992,1962.22988,1.0,1.7927,1.541,77
1961.30684,1962.3068,1.0,1.7566,1.6352,78
1961.38376,1962.38372,1.0,1.669,1.6316,73
1961.46068,1962.46064,1.0,1.6786,1.6727,70
1961.5375999999999,1962.53756,1.0,1.7234,1.5207,73
1961.6145199999999,1962.61448,1.0,1.707,1.4931,71
1961.6914399999998,1962.6914,1.0,1.6968,1.2737,67
1961.7683599999998,1962.76832,1.0,1.6137,1.3721,54
1961.84528,1962.84524,1.0,1.3672,1.2942,60
1961.9222,1962.92216,1.0,1.495,1.0318,73
1961.99912,1962.99908,1.0,1.4688,1.0062,75
1962.07604,1963.076,1.0,1.5189,1.0652,83
1962.15296,1963.15292,1.0,1.5179,1.0658,84
1962.2298799999999,1963.22984,1.0,1.5593,1.1411,86
1962.3067999999998,1963.30676,1.0,1.5415,1.2085,88
1962.3837199999998,1963.38368,1.0,1.5741,1.2796,96
1962.46064,1963.4606,1.0,1.6157,1.3852,112
1962.53756,1963.53752,1.0,1.63,1.4372,108
1962.61448,1963.61444,1.0,1.6526,1.3994,115
1962.6914,1963.69136,1.0,1.7426,1.5071,120
1962.76832,1963.76828,1.0,1.7512,1.4977,124
1962.8452399999999,1963.8452,1.0,1.9431,1.4981,129
1962.9221599999998,1963.92212,1.0,1.9024,1.5789,116
1962.9990799999998,1963.99904,1.0,1.9122,1.5704,115
1963.0759999999998,1964.07596,1.0,1.8087,1.4829,108
1963.15292,1964.15288,1.0,1.7941,1.4417,117
1963.22984,1964.2298,1.0,1.7373,1.3284,117
1963.30676,1964.30672,1.0,1.7206,1.2432,112
1963.38368,1964.38364,1.0,1.7382,1.2017,104
1963.4605999999999,1964.46056,1.0,1.4404,1.3113,90
1963.5375199999999,1964.53748,1.0,1.4555,1.2793,89
1963.6144399999998,1964.6144,1.0,1.5001,1.3414,82
1963.6913599999998,1964.69132,1.0,1.5125,1.2637,77
1963.76828,1964.76824,1.0,1.5944,1.3885,77
1963.8452,1964.84516,1.0,1.5505,1.7834,65
1963.92212,1964.92208,1.0,1.5717,1.6515,70
1963.99904,1964.999,1.0,1.6846,1.8357,69
1964.07596,1965.07592,1.0,1.7515,1.8558,72
1964.1528799999999,1965.15284,1.0,1.7805,1.7043,63
1964.2297999999998,1965.22976,1.0,1.8369,1.7174,61
1964.3067199999998,1965.30668,1.0,1.9065,1.6345,67
1964.3836399999998,1965.3836,1.0,1.9322,1.594,66
1964.46056,1965.46052,1.0,1.9393,1.039,73
1964.53748,1965.53744,1.0,1.9342,1.1224,74
1964.6144,1965.61436,1.0,1.912,1.1542,80
1964.69132,1965.69128,1.0,1.7764,1.1983,87
1964.7682399999999,1965.7682,1.0,1.5899,1.13,86
1964.8451599999999,1965.84512,1.0,1.6414,1.1358,89
1964.9220799999998,1965.92204,1.0,1.4917,1.2236,83
1964.9989999999998,1965.99896,1.0,1.4959,1.2224,84
1965.07592,1966.07588,1.0,1.47,1.2193,83
1965.15284,1966.1528,1.0,1.3915,1.1798,81
1965.22976,1966.22972,1.0,1.3711,1.1581,83
1965.30668,1966.30664,1.0,1.319,1.1628,78
1965.3836,1966.38356,1.0,1.2901,1.1735,78
1965.4605199999999,1966.46048,1.0,1.2778,1.2695,69
1965.5374399999998,1966.5374,1.0,1.3796,1.2275,81
1965.6143599999998,1966.61432,1.0,1.4259,1.2291,76
1965.69128,1966.69124,1.0,1.4693,1.174,66
1965.7682,1966.76816,1.0,1.4916,1.1397,62
1965.84512,1966.84508,1.0,1.5934,1.1419,57
1965.92204,1966.922,1.0,1.6006,1.1119,57
1965.99896,1966.99892,1.0,1.5804,1.0139,55
1966.0758799999999,1967.07584,1.0,1.5657,0.965,58
1966.1527999999998,1967.15276,1.0,1.6109,1.0734,63
1966.2297199999998,1967.22968,1.0,1.6248,1.1639,63
1966.3066399999998,1967.3066,1.0,1.6228,1.1492,65
1966.38356,1967.38352,1.0,1.6337,1.2064,66
1966.46048,1967.46044,1.0,1.5705,1.1224,69
1966.5374,1967.53736,1.0,1.5994,1.3574,57
1966.61432,1967.61428,1.0,1.6001,1.3127,60
1966.6912399999999,1967.6912,1.0,1.5346,1.2386,65
1966.7681599999999,1967.76812,1.0,1.7541,1.4829,70
1966.8450799999998,1967.84504,1.0,1.7086,1.3927,69
1966.9219999999998,1967.92196,1.0,1.6288,1.3301,67
1966.99892,1967.99888,1.0,1.6596,1.3359,71
1967.07584,1968.0758,1.0,1.714,1.4604,63
1967.15276,1968.15272,1.0,1.6763,1.3786,62
1967.22968,1968.22964,1.0,1.5902,1.2598,59
1967.3066,1968.30656,1.0,1.271,0.8932,108
1967.3835199999999,1968.38348,1.0,1.2994,0.8784,119
1967.4604399999998,1968.4604,1.0,1.2858,0.9039,118
1967.5373599999998,1968.53732,1.0,1.236,0.8052,146
1967.61428,1968.61424,1.0,1.2244,0.7887,142
1967.6912,1968.69116,1.0,1.2297,0.8052,141
1967.76812,1968.76808,1.0,1.2189,0.7803,137
1967.84504,1968.845,1.0,1.2182,0.781,138
1967.92196,1968.92192,1.0,1.2352,0.7808,139
1967.9988799999999,1968.99884,1.0,1.2509,0.7796,141
1968.0757999999998,1969.07576,1.0,1.2474,0.7826,148
1968.1527199999998,1969.15268,1.0,1.2406,0.7744,146
1968.2296399999998,1969.2296,1.0,1.2383,0.7743,146
1968.30656,1969.30652,1.0,1.201,0.6883,96
1968.38348,1969.38344,1.0,1.1673,0.69,90
1968.4604,1969.46036,1.0,1.1662,0.6222,92
1968.53732,1969.53728,1.0,1.5873,1.3287,65
1968.6142399999999,1969.6142,1.0,1.6769,1.4538,65
1968.6911599999999,1969.69112,1.0,1.5257,1.2193,63
1968.7680799999998,1969.76804,1.0,1.5168,1.1836,64
1968.8449999999998,1969.84496,1.0,1.5036,1.1563,62
1968.92192,1969.92188,1.0,1.3964,1.0653,64
1968.99884,1969.9988,1.0,1.4315,1.0092,65
1969.07576,1970.07572,1.0,1.461,1.0205,64
1969.15268,1970.15264,1.0,1.5019,1.0538,60
1969.2296,1970.22956,1.0,1.5029,1.136,65
1969.3065199999999,1970.30648,1.0,1.4495,1.0815,65
1969.3834399999998,1970.3834,1.0,1.5028,1.1557,64
1969.4603599999998,1970.46032,1.0,1.4533,1.0991,58
1969.53728,1970.53724,1.0,1.5226,1.157,59
1969.6142,1970.61416,1.0,1.6471,1.2379,60
1969.69112,1970.69108,1.0,1.6982,1.2786,58
1969.76804,1970.768,1.0,1.7292,1.2988,61
1969.84496,1970.84492,1.0,1.7124,1.3034,61
1969.9218799999999,1970.92184,1.0,1.9217,1.5621,61
1969.9987999999998,1970.99876,1.0,1.9126,1.64,57
1970.0757199999998,1971.07568,1.0,1.848,1.6203,56
1970.1526399999998,1971.1526,1.0,1.5288,1.644,238
1970.22956,1971.22952,1.0,1.5504,1.6466,252
1970.30648,1971.30644,1.0,1.6034,1.6399,261
1970.3834,1971.38336,1.0,1.5911,1.639,262
1970.46032,1971.46028,1.0,1.579,1.6377,270
1970.5372399999999,1971.5372,1.0,1.5996,1.6058,277
1970.6141599999999,1971.61412,1.0,1.5993,1.5973,274
1970.6910799999998,1971.69104,1.0,1.5996,1.5975,273
1970.7679999999998,1971.76796,1.0,1.5992,1.5958,275
1970.84492,1971.84488,1.0,1.6003,1.5979,276
1970.92184,1971.9218,1.0,1.6007,1.5982,277
1970.99876,1971.99872,1.0,1.5978,1.5987,276
1971.07568,1972.07564,1.0,1.5848,1.5946,281
1971.1526,1972.15256,1.0,1.914,1.451,108
1971.2295199999999,1972.22948,1.0,1.8769,1.3639,93
1971.3064399999998,1972.3064,1.0,1.5748,1.3236,86
1971.3833599999998,1972.38332,1.0,1.7356,1.2361,83
1971.46028,1972.46024,1.0,1.727,1.091,75
1971.5372,1972.53716,1.0,1.6876,1.1901,69
1971.61412,1972.61408,1.0,1.68,1.1394,67
1971.69104,1972.691,1.0,1.636,1.1933,68
1971.76796,1972.76792,1.0,1.6582,1.3326,60
1971.8448799999999,1972.84484,1.0,1.4725,1.1977,65
1971.9217999999998,1972.92176,1.0,1.4473,1.2645,63
1971.9987199999998,1972.99868,1.0,1.4126,1.2023,68
1972.0756399999998,1973.0756,1.0,1.4664,1.3542,65
1972.15256,1973.15252,1.0,1.38,1.2575,58
1972.22948,1973.22944,1.0,1.4363,1.3793,54
1972.3064,1973.30636,1.0,1.4112,1.3183,51
1972.38332,1973.38328,1.0,1.3721,1.3041,50
1972.4602399999999,1973.4602,1.0,1.4242,1.4172,53
1972.5371599999999,1973.53712,1.0,1.4784,1.3746,54
1972.6140799999998,1973.61404,1.0,1.59,1.4068,58
1972.6909999999998,1973.69096,1.0,1.6046,1.3904,57
1972.76792,1973.76788,1.0,1.593,1.2949,66
1972.84484,1973.8448,1.0,1.7733,1.4063,62
1972.92176,1973.92172,1.0,1.6974,1.3079,62
1972.99868,1973.99864,1.0,1.7505,1.3788,59
1973.0756,1974.07556,1.0,1.8107,1.052,70
1973.1525199999999,1974.15248,1.0,2.2303,1.2636,97
1973.2294399999998,1974.2294,1.0,2.3611,1.4688,118
1973.3063599999998,1974.30632,1.0,2.3658,1.6403,139
1973.3832799999998,1974.38324,1.0,2.3768,1.6682,149
1973.4602,1974.46016,1.0,2.5099,1.7494,170
1973.53712,1974.53708,1.0,2.4872,1.7434,178
1973.61404,1974.614,1.0,2.5481,1.881,199
1973.69096,1974.69092,1.0,2.6782,1.9024,238
1973.7678799999999,1974.76784,1.0,2.6089,1.9083,242
1973.8447999999999,1974.84476,1.0,2.6641,1.9875,259
1973.9217199999998,1974.92168,1.0,2.5457,1.99,292
1973.9986399999998,1974.9986,1.0,2.5214,1.9914,312
1974.07556,1975.07552,1.0,2.5535,1.9753,336
1974.15248,1975.15244,1.0,2.5565,1.975,322
1974.2294,1975.22936,1.0,2.5337,1.9872,322
1974.30632,1975.30628,1.0,2.5626,1.9834,321
1974.38324,1975.3832,1.0,2.5535,2.0111,337
1974.4601599999999,1975.46012,1.0,2.555,2.0146,338
1974.5370799999998,1975.53704,1.0,2.5452,1.9875,343
1974.6139999999998,1975.61396,1.0,2.5624,1.9245,369
1974.69092,1975.69088,1.0,2.5831,1.9673,361
1974.76784,1975.7678,1.0,2.6986,2.0256,378
1974.84476,1975.84472,1.0,2.6508,2.0213,370
1974.92168,1975.92164,1.0,2.6788,1.9864,348
1974.9986,1975.99856,1.0,2.6841,1.9604,340
1975.0755199999999,1976.07548,1.0,2.7873,1.924,317
1975.1524399999998,1976.1524,1.0,2.7808,1.9033,308
1975.2293599999998,1976.22932,1.0,2.7661,1.8802,298
1975.3062799999998,1976.30624,1.0,2.6648,1.8503,300
1975.3832,1976.38316,1.0,2.5536,1.7953,280
1975.46012,1976.46008,1.0,2.4377,1.741,264
1975.53704,1976.537,1.0,2.4197,1.7044,253
1975.61396,1976.61392,1.0,2.3614,1.7234,212
1975.6908799999999,1976.69084,1.0,2.217,1.6664,198
1975.7677999999999,1976.76776,1.0,1.9773,1.502,171
1975.8447199999998,1976.84468,1.0,1.9339,1.462,184
1975.9216399999998,1976.9216,1.0,1.9741,1.4555,180
1975.99856,1976.99852,1.0,2.0188,1.4636,177
1976.07548,1977.07544,1.0,2.2127,1.6801,179
1976.1524,1977.15236,1.0,2.2404,1.7129,180
1976.22932,1977.22928,1.0,2.3351,1.7419,178
1976.30624,1977.3062,1.0,2.2282,1.7945,158
1976.3831599999999,1977.38312,1.0,2.2599,1.8173,149
1976.4600799999998,1977.46004,1.0,2.2045,1.7984,141
1976.5369999999998,1977.53696,1.0,2.1204,1.7547,136
1976.61392,1977.61388,1.0,2.1476,1.7525,131
1976.69084,1977.6908,1.0,2.0045,1.6944,117
1976.76776,1977.76772,1.0,1.9593,1.6651,122
1976.84468,1977.84464,1.0,2.2369,1.7992,110
1976.9216,1977.92156,1.0,1.9581,1.6711,114
1976.9985199999999,1977.99848,1.0,1.9265,1.6469,105
1977.0754399999998,1978.0754,1.0,1.6409,1.4833,87
1977.1523599999998,1978.15232,1.0,1.5441,1.351,83
1977.2292799999998,1978.22924,1.0,1.4217,1.1612,86
1977.3062,1978.30616,1.0,1.411,1.1273,85
1977.38312,1978.38308,1.0,1.4512,1.0361,99
1977.46004,1978.46,1.0,1.485,1.0765,105
1977.53696,1978.53692,1.0,1.4703,1.022,107
1977.6138799999999,1978.61384,1.0,1.4231,0.9619,105
1977.6907999999999,1978.69076,1.0,1.4632,0.9225,112
1977.7677199999998,1978.76768,1.0,1.4671,0.8606,132
1977.8446399999998,1978.8446,1.0,1.519,0.7716,127
1977.92156,1978.92152,1.0,1.5494,0.6748,120
1977.99848,1978.99844,1.0,1.5428,0.6274,117
1978.0754,1979.07536,1.0,1.5537,0.6573,123
1978.15232,1979.15228,1.0,1.5704,0.7157,134
1978.22924,1979.2292,1.0,1.5537,0.764,139
1978.3061599999999,1979.30612,1.0,1.5633,0.7823,145
1978.3830799999998,1979.38304,1.0,1.5221,0.8015,136
1978.4599999999998,1979.45996,1.0,1.4957,0.7766,145
1978.53692,1979.53688,1.0,1.5039,0.7752,155
1978.61384,1979.6138,1.0,1.5557,0.8083,167
1978.69076,1979.69072,1.0,1.5279,0.7914,163
1978.76768,1979.76764,1.0,1.4913,0.8707,138
1978.8446,1979.84456,1.0,1.3583,0.886,260
1978.9215199999999,1979.92148,1.0,1.3594,0.8751,274
1978.9984399999998,1979.9984,1.0,1.3701,0.8738,289
1979.0753599999998,1980.07532,1.0,1.3734,0.8632,304
1979.1522799999998,1980.15224,1.0,1.3643,0.8559,302
1979.2292,1980.22916,1.0,1.3584,0.8542,297
1979.30612,1980.30608,1.0,1.351,0.8522,297
1979.38304,1980.383,1.0,1.3447,0.8425,302
1979.45996,1980.45992,1.0,1.7156,1.9983,653
1979.5368799999999,1980.53684,1.0,1.7091,1.9932,699
1979.6137999999999,1980.61376,1.0,1.6551,1.9742,744
1979.6907199999998,1980.69068,1.0,1.6389,1.9683,768
1979.7676399999998,1980.7676,1.0,1.636,1.9673,786
1979.84456,1980.84452,1.0,1.6552,1.9905,677
1979.92148,1980.92144,1.0,1.6596,1.9882,671
1979.9984,1980.99836,1.0,1.649,1.9828,670
1980.07532,1981.07528,1.0,1.646,1.9827,651
1980.15224,1981.1522,1.0,1.6416,1.9812,652
1980.2291599999999,1981.22912,1.0,1.6405,1.9802,651
1980.3060799999998,1981.30604,1.0,1.6422,1.9787,658
1980.3829999999998,1981.38296,1.0,1.6486,1.9793,671
1980.45992,1981.45988,1.0,1.522,1.8897,307
1980.53684,1981.5368,1.0,1.5395,1.8773,263
1980.61376,1981.61372,1.0,1.7503,1.8275,209
1980.69068,1981.69064,1.0,1.793,1.8891,187
1980.7676,1981.76756,1.0,1.8145,1.9011,215
1980.8445199999999,1981.84448,1.0,1.8231,1.8917,203
1980.9214399999998,1981.9214,1.0,1.8236,1.8947,202
1980.9983599999998,1981.99832,1.0,1.8424,1.8923,192
1981.0752799999998,1982.07524,1.0,1.8351,1.8926,189
1981.1522,1982.15216,1.0,1.8144,1.8912,183
1981.22912,1982.22908,1.0,1.8037,1.851,186
1981.30604,1982.306,1.0,1.8606,1.8717,174
1981.38296,1982.38292,1.0,1.8528,1.8753,160
1981.4598799999999,1982.45984,1.0,1.8603,1.8724,170
1981.5367999999999,1982.53676,1.0,1.7795,1.8635,162
1981.6137199999998,1982.61368,1.0,1.7312,1.8673,170
1981.6906399999998,1982.6906,1.0,1.7096,1.8653,186
1981.76756,1982.76752,1.0,1.5037,1.6164,169
1981.84448,1982.84444,1.0,1.4561,1.6089,172
1981.9214,1982.92136,1.0,1.3694,1.5469,162
1981.99832,1982.99828,1.0,1.3546,1.527,178
1982.07524,1983.0752,1.0,1.6356,1.6789,219
1982.1521599999999,1983.15212,1.0,1.7362,1.7263,227
1982.2290799999998,1983.22904,1.0,1.7633,1.78,218
1982.3059999999998,1983.30596,1.0,1.7645,1.7817,225
1982.3829199999998,1983.38288,1.0,1.8846,1.146,381
1982.45984,1983.4598,1.0,1.9107,1.0753,401
1982.53676,1983.53672,1.0,1.9032,1.0539,419
1982.61368,1983.61364,1.0,1.9085,1.0127,440
1982.6906,1983.69056,1.0,1.899,0.9772,436
1982.7675199999999,1983.76748,1.0,1.9046,0.9391,415
1982.8444399999998,1983.8444,1.0,1.9006,0.9155,415
1982.9213599999998,1983.92132,1.0,1.8954,0.9164,422
1982.9982799999998,1983.99824,1.0,1.9012,0.8908,414
1983.0752,1984.07516,1.0,1.8914,0.8068,378
1983.15212,1984.15208,1.0,1.8859,0.7848,366
1983.22904,1984.229,1.0,1.8847,0.7815,371
1983.30596,1984.30592,1.0,1.8872,0.7813,372
1983.38288,1984.38284,1.0,1.6992,1.1059,237
1983.4597999999999,1984.45976,1.0,1.5538,1.2079,209
1983.5367199999998,1984.53668,1.0,1.5652,1.2136,194
1983.6136399999998,1984.6136,1.0,1.4957,1.2193,167
1983.69056,1984.69052,1.0,1.4885,1.1608,157
1983.76748,1984.76744,1.0,1.5056,1.1701,153
1983.8444,1984.84436,1.0,1.5781,1.2525,147
1983.92132,1984.92128,1.0,1.3412,1.0664,227
1983.99824,1984.9982,1.0,1.3185,1.0354,225
1984.0751599999999,1985.07512,1.0,1.326,1.0453,231
1984.1520799999998,1985.15204,1.0,1.3292,1.0443,235
1984.2289999999998,1985.22896,1.0,1.327,1.0394,230
1984.3059199999998,1985.30588,1.0,1.307,0.9917,227
1984.38284,1985.3828,1.0,1.2686,0.9122,220
1984.45976,1985.45972,1.0,1.2527,0.8986,227
1984.53668,1985.53664,1.0,1.2458,0.9013,224
1984.6136,1985.61356,1.0,1.2409,0.8958,240
1984.6905199999999,1985.69048,1.0,1.2202,0.8795,237
1984.7674399999999,1985.7674,1.0,1.2106,0.8625,235
1984.8443599999998,1985.84432,1.0,1.2082,0.8659,232
1984.9212799999998,1985.92124,1.0,1.2942,0.976,146
1984.9982,1985.99816,1.0,1.2949,0.9671,138
1985.07512,1986.07508,1.0,1.2979,1.0494,135
1985.15204,1986.152,1.0,1.2746,1.0196,133
1985.22896,1986.22892,1.0,1.2538,0.9851,131
1985.30588,1986.30584,1.0,1.2616,1.0157,131
1985.3827999999999,1986.38276,1.0,1.3789,1.1718,115
1985.4597199999998,1986.45968,1.0,1.4098,1.2397,114
1985.5366399999998,1986.5366,1.0,1.7269,1.0224,168
1985.61356,1986.61352,1.0,1.3325,0.9237,361
1985.69048,1986.69044,1.0,1.3605,0.9346,385
1985.7674,1986.76736,1.0,1.3624,0.9305,397
1985.84432,1986.84428,1.0,1.3658,0.9314,408
1985.92124,1986.9212,1.0,1.3574,0.9285,407
1985.9981599999999,1986.99812,1.0,1.3651,0.9241,415
1986.0750799999998,1987.07504,1.0,1.3584,0.9217,414
1986.1519999999998,1987.15196,1.0,1.3673,0.9274,426
1986.2289199999998,1987.22888,1.0,1.3835,0.9285,431
1986.30584,1987.3058,1.0,1.3925,0.9242,428
1986.38276,1987.38272,1.0,1.3809,0.9093,431
1986.45968,1987.45964,1.0,1.3779,0.9075,429
1986.5366,1987.53656,1.0,1.2425,0.8692,376
1986.6135199999999,1987.61348,1.0,1.7656,0.9438,161
1986.6904399999999,1987.6904,1.0,1.7069,0.9344,132
1986.7673599999998,1987.76732,1.0,1.5295,0.8738,136
1986.8442799999998,1987.84424,1.0,1.4966,0.8744,126
1986.9212,1987.92116,1.0,1.9537,0.6579,220
1986.99812,1987.99808,1.0,1.9455,0.6652,218
1987.07504,1988.075,1.0,1.922,0.6437,230
1987.15196,1988.15192,1.0,1.868,0.6407,229
1987.22888,1988.22884,1.0,1.8582,0.6169,232
1987.3057999999999,1988.30576,1.0,1.8602,0.6194,235
1987.3827199999998,1988.38268,1.0,1.8657,0.6196,231
1987.4596399999998,1988.4596,1.0,1.8745,0.6188,231
1987.53656,1988.53652,1.0,1.8792,0.6125,234
1987.61348,1988.61344,1.0,1.8774,0.6232,237
1987.6904,1988.69036,1.0,1.8504,0.637,247
1987.76732,1988.76728,1.0,1.8861,0.6277,233
1987.84424,1988.8442,1.0,1.886,0.6219,239
1987.9211599999999,1988.92112,1.0,1.2442,0.7438,149
1987.9980799999998,1988.99804,1.0,1.2364,0.7481,148
1988.0749999999998,1989.07496,1.0,1.3458,0.8259,135
1988.1519199999998,1989.15188,1.0,1.4372,0.854,128
1988.22884,1989.2288,1.0,1.3692,0.9232,134
1988.30576,1989.30572,1.0,1.3776,0.8999,135
1988.38268,1989.38264,1.0,1.375,0.9366,136
1988.4596,1989.45956,1.0,1.3713,0.9292,132
1988.5365199999999,1989.53648,1.0,1.3598,0.9878,128
1988.6134399999999,1989.6134,1.0,1.3621,0.9839,132
1988.6903599999998,1989.69032,1.0,1.342,0.951,126
1988.7672799999998,1989.76724,1.0,1.336,0.9586,123
1988.8442,1989.84416,1.0,2.4685,1.0182,215
1988.92112,1989.92108,1.0,2.4685,1.0386,222
1988.99804,1989.998,1.0,2.4763,1.0279,226
1989.07496,1990.07492,1.0,2.4905,1.0164,227
1989.15188,1990.15184,1.0,2.5541,0.9507,226
1989.2287999999999,1990.22876,1.0,2.556,0.9395,235
1989.3057199999998,1990.30568,1.0,2.6367,0.6901,263
1989.3826399999998,1990.3826,1.0,2.6594,0.67,269
1989.45956,1990.45952,1.0,2.6473,0.6843,270
1989.53648,1990.53644,1.0,2.6428,0.688,270
1989.6134,1990.61336,1.0,2.6379,0.6921,266
1989.69032,1990.69028,1.0,2.6182,0.7351,277
1989.76724,1990.7672,1.0,2.6138,0.746,282
1989.8441599999999,1990.84412,1.0,1.9168,1.1361,184
1989.9210799999998,1990.92104,1.0,1.8915,1.117,176
1989.9979999999998,1990.99796,1.0,1.7937,1.1367,172
1990.0749199999998,1991.07488,1.0,1.8177,1.1315,166
1990.15184,1991.1518,1.0,1.8094,1.141,163
1990.22876,1991.22872,1.0,1.8941,1.2045,144
1990.30568,1991.30564,1.0,1.7668,1.3196,117
1990.3826,1991.38256,1.0,1.6652,1.3154,109
1990.4595199999999,1991.45948,1.0,1.678,1.3507,104
1990.5364399999999,1991.5364,1.0,1.6787,1.3286,111
1990.6133599999998,1991.61332,1.0,1.7156,1.3355,113
1990.6902799999998,1991.69024,1.0,1.7784,1.3655,97
1990.7672,1991.76716,1.0,1.7643,1.3281,99
1990.84412,1991.84408,1.0,1.8334,1.2849,110
1990.92104,1991.921,1.0,1.8414,1.2785,113
1990.99796,1991.99792,1.0,1.7828,1.232,108
1991.07488,1992.07484,1.0,1.7449,1.2272,109
1991.1517999999999,1992.15176,1.0,1.5796,1.0932,115
1991.2287199999998,1992.22868,1.0,1.5609,1.022,112
1991.3056399999998,1992.3056,1.0,1.4786,0.847,109
1991.38256,1992.38252,1.0,2.1162,0.897,216
1991.45948,1992.45944,1.0,2.1356,0.885,224
1991.5364,1992.53636,1.0,3.8667,3.9346,683
1991.61332,1992.61328,1.0,3.9782,3.8283,749
1991.69024,1992.6902,1.0,4.015,3.7979,790
1991.7671599999999,1992.76712,1.0,4.0024,3.7907,802
1991.8440799999998,1992.84404,1.0,4.0256,3.79,805
1991.9209999999998,1992.92096,1.0,4.1228,3.6822,822
1991.9979199999998,1992.99788,1.0,4.1618,3.6542,846
1992.07484,1993.0748,1.0,4.1664,3.6539,851
1992.15176,1993.15172,1.0,4.1875,3.641,848
1992.22868,1993.22864,1.0,4.2079,3.6365,851
1992.3056,1993.30556,1.0,4.2083,3.6346,852
1992.3825199999999,1993.38248,1.0,4.2232,3.6645,773
1992.4594399999999,1993.4594,1.0,4.2158,3.6606,784
1992.5363599999998,1993.53632,1.0,4.4282,3.4149,317
1992.6132799999998,1993.61324,1.0,3.7735,3.282,252
1992.6902,1993.69016,1.0,3.1452,3.087,224
1992.76712,1993.76708,1.0,2.9073,2.9336,205
1992.84404,1993.844,1.0,2.7596,2.8325,204
1992.92096,1993.92092,1.0,2.3786,2.4313,193
1992.99788,1993.99784,1.0,1.918,1.9094,182
1993.0747999999999,1994.07476,1.0,1.9111,1.0931,370
1993.1517199999998,1994.15168,1.0,1.8964,1.0463,390
1993.2286399999998,1994.2286,1.0,1.8836,1.0456,399
1993.3055599999998,1994.30552,1.0,1.8936,1.027,402
1993.38248,1994.38244,1.0,1.9023,1.0204,376
1993.4594,1994.45936,1.0,1.9028,1.0206,366
1993.53632,1994.53628,1.0,1.8882,1.0074,364
1993.61324,1994.6132,1.0,1.8819,1.0153,366
1993.6901599999999,1994.69012,1.0,1.8805,1.0029,358
1993.7670799999999,1994.76704,1.0,1.7182,0.978,429
1993.8439999999998,1994.84396,1.0,1.7104,0.9709,422
1993.9209199999998,1994.92088,1.0,1.704,0.9731,413
1993.99784,1994.9978,1.0,1.6944,0.9775,415
1994.07476,1995.07472,1.0,1.1597,0.8254,229
1994.15168,1995.15164,1.0,1.1126,0.7947,208
1994.2286,1995.22856,1.0,1.1087,0.7621,199
1994.30552,1995.30548,1.0,1.1093,0.7822,197
1994.3824399999999,1995.3824,1.0,1.1108,0.781,198
1994.4593599999998,1995.45932,1.0,1.1115,0.7753,191
1994.5362799999998,1995.53624,1.0,1.1161,0.7767,195
1994.6132,1995.61316,1.0,1.1059,0.7532,189
1994.69012,1995.69008,1.0,1.1043,0.7967,204
1994.76704,1995.767,1.0,1.6098,1.6757,159
1994.84396,1995.84392,1.0,1.6104,1.6695,156
1994.92088,1995.92084,1.0,1.5389,1.5265,155
1994.9977999999999,1995.99776,1.0,1.5427,1.4865,158
1995.0747199999998,1996.07468,1.0,1.5536,1.5046,174
1995.1516399999998,1996.1516,1.0,1.5588,1.5697,175
1995.2285599999998,1996.22852,1.0,1.5632,1.5209,176
1995.30548,1996.30544,1.0,1.4612,1.5078,189
1995.3824,1996.38236,1.0,1.4474,1.5149,187
1995.45932,1996.45928,1.0,1.4472,1.4882,194
1995.53624,1996.5362,1.0,1.4533,1.4726,193
1995.6131599999999,1996.61312,1.0,1.4725,1.5016,196
1995.6900799999999,1996.69004,1.0,1.5412,1.5958,182
1995.7669999999998,1996.76696,1.0,1.4715,1.6079,155
1995.8439199999998,1996.84388,1.0,1.496,1.6477,155
1995.92084,1996.9208,1.0,1.5237,1.6836,162
1995.99776,1996.99772,1.0,1.4939,1.6649,149
1996.07468,1997.07464,1.0,1.3611,1.4765,128
1996.1516,1997.15156,1.0,1.3192,1.3642,133
1996.22852,1997.22848,1.0,1.3109,1.4462,131
1996.3054399999999,1997.3054,1.0,1.4243,1.3313,115
1996.3823599999998,1997.38232,1.0,1.3996,1.2744,122
1996.4592799999998,1997.45924,1.0,1.4208,1.4298,126
1996.5362,1997.53616,1.0,1.4204,1.4624,131
1996.61312,1997.61308,1.0,1.4161,1.3626,139
1996.69004,1997.69,1.0,1.4407,1.3704,137
1996.76696,1997.76692,1.0,1.4856,1.4503,139
1996.84388,1997.84384,1.0,1.4052,1.2718,149
1996.9207999999999,1997.92076,1.0,1.5923,1.3954,159
1996.9977199999998,1997.99768,1.0,1.7832,1.4947,172
1997.0746399999998,1998.0746,1.0,1.7518,1.4813,186
1997.1515599999998,1998.15152,1.0,1.6428,1.4763,179
1997.22848,1998.22844,1.0,1.6022,1.402,181
1997.3054,1998.30536,1.0,1.59,1.3954,180
1997.38232,1998.38228,1.0,1.6247,1.4195,175
1997.45924,1998.4592,1.0,1.7447,1.4028,172
1997.5361599999999,1998.53612,1.0,1.9152,1.4576,176
1997.6130799999999,1998.61304,1.0,1.8546,1.4758,174
1997.6899999999998,1998.68996,1.0,1.8761,1.4967,182
1997.7669199999998,1998.76688,1.0,1.8673,1.5068,183
1997.84384,1998.8438,1.0,1.8645,1.5838,177
1997.92076,1998.92072,1.0,1.7297,1.6361,157
1997.99768,1998.99764,1.0,1.6544,1.6566,146
1998.0746,1999.07456,1.0,1.3071,1.6428,135
1998.15152,1999.15148,1.0,1.2861,1.6278,135
1998.2284399999999,1999.2284,1.0,1.3123,1.6496,134
1998.3053599999998,1999.30532,1.0,1.2922,1.6203,139
1998.3822799999998,1999.38224,1.0,1.2722,1.7007,162
1998.4592,1999.45916,1.0,1.2515,1.6893,167
1998.53612,1999.53608,1.0,1.2662,1.717,156
1998.61304,1999.613,1.0,1.245,1.6571,169
1998.68996,1999.68992,1.0,1.2036,1.6124,159
1998.76688,1999.76684,1.0,1.2236,1.5914,162
1998.8437999999999,1999.84376,1.0,2.4142,1.4727,400
1998.9207199999998,1999.92068,1.0,2.4521,1.4426,415
1998.9976399999998,1999.9976,1.0,2.4834,1.4142,422
1999.0745599999998,2000.07452,1.0,2.4816,1.4219,423
1999.15148,2000.15144,1.0,2.4816,1.4242,421
1999.2284,2000.22836,1.0,2.4841,1.4245,422
1999.30532,2000.30528,1.0,2.4947,1.4165,422
1999.38224,2000.3822,1.0,2.5977,1.2674,411
1999.4591599999999,2000.45912,1.0,2.6227,1.2325,408
1999.5360799999999,2000.53604,1.0,2.6494,1.2097,409
1999.6129999999998,2000.61296,1.0,2.619,1.2221,393
1999.6899199999998,2000.68988,1.0,2.6202,1.2243,394
1999.76684,2000.7668,1.0,2.6095,1.2231,394
1999.84376,2000.84372,1.0,2.2931,1.3757,147
1999.92068,2000.92064,1.0,2.1322,1.3896,134
1999.9976,2000.99756,1.0,2.0132,1.4464,128
2000.07452,2001.07448,1.0,1.8761,1.351,127
2000.1514399999999,2001.1514,1.0,1.7707,1.4622,134
2000.2283599999998,2001.22832,1.0,1.8039,1.432,130
2000.3052799999998,2001.30524,1.0,1.7478,1.4312,127
2000.3822,2001.38216,1.0,1.5549,1.3923,113
2000.45912,2001.45908,1.0,1.4921,1.4312,103
2000.53604,2001.536,1.0,1.3252,1.2833,105
2000.61296,2001.61292,1.0,1.1344,0.799,118
2000.68988,2001.68984,1.0,1.1415,0.7557,124
2000.7667999999999,2001.76676,1.0,1.1393,0.76,113
2000.8437199999998,2001.84368,1.0,1.1482,0.8045,114
2000.9206399999998,2001.9206,1.0,1.142,0.8028,113
2000.9975599999998,2001.99752,1.0,1.1385,0.7769,111
2001.07448,2002.07444,1.0,1.1508,0.7933,112
2001.1514,2002.15136,1.0,1.1714,0.6862,116
2001.22832,2002.22828,1.0,1.1963,0.7615,117
2001.30524,2002.3052,1.0,1.2254,0.797,117
2001.3821599999999,2002.38212,1.0,1.2492,0.8243,116
2001.4590799999999,2002.45904,1.0,1.2722,0.8223,118
2001.5359999999998,2002.53596,1.0,1.3071,0.8715,110
2001.6129199999998,2002.61288,1.0,1.4415,1.1521,89
2001.68984,2002.6898,1.0,1.4763,1.2481,83
2001.76676,2002.76672,1.0,1.5877,1.3157,98
2001.84368,2002.84364,1.0,1.5954,1.3156,97
2001.9206,2002.92056,1.0,1.6526,1.315,106
2001.99752,2002.99748,1.0,1.5886,1.239,104
2002.0744399999999,2003.0744,1.0,1.5829,1.3024,101
2002.1513599999998,2003.15132,1.0,1.572,1.8959,105
2002.2282799999998,2003.22824,1.0,1.531,1.9972,108
2002.3051999999998,2003.30516,1.0,1.5292,2.0259,105
2002.38212,2003.38208,1.0,1.5355,2.0472,105
2002.45904,2003.459,1.0,1.4987,1.9391,113
2002.53596,2003.53592,1.0,1.552,1.9296,116
2002.61288,2003.61284,1.0,1.474,1.8295,117
2002.6897999999999,2003.68976,1.0,1.4435,1.8125,115
2002.7667199999999,2003.76668,1.0,1.2737,1.6307,108
2002.8436399999998,2003.8436,1.0,1.3719,1.6368,113
2002.9205599999998,2003.92052,1.0,1.3037,1.6084,111
2002.99748,2003.99744,1.0,2.343,1.3527,224
2003.0744,2004.07436,1.0,2.4036,1.3149,248
2003.15132,2004.15128,1.0,2.4558,1.2287,239
2003.22824,2004.2282,1.0,2.4759,1.1907,249
2003.30516,2004.30512,1.0,2.4657,1.1997,249
2003.3820799999999,2004.38204,1.0,2.4874,1.1772,253
2003.4589999999998,2004.45896,1.0,2.4997,1.1764,242
2003.5359199999998,2004.53588,1.0,2.4681,1.1995,245
2003.61284,2004.6128,1.0,2.4721,1.1982,248
2003.68976,2004.68972,1.0,2.4748,1.1931,255
2003.76668,2004.76664,1.0,2.4518,1.1825,289
2003.8436,2004.84356,1.0,2.4337,1.1804,293
2003.92052,2004.92048,1.0,2.437,1.1755,293
2003.9974399999999,2004.9974,1.0,2.1297,1.079,180
2004.0743599999998,2005.07432,1.0,1.8704,1.0171,157
2004.1512799999998,2005.15124,1.0,1.8336,0.9663,152
2004.2281999999998,2005.22816,1.0,1.7001,0.8249,137
2004.30512,2005.30508,1.0,1.7005,0.7832,138
2004.38204,2005.382,1.0,1.6462,0.743,134
2004.45896,2005.45892,1.0,1.6594,0.8136,146
2004.53588,2005.53584,1.0,1.6749,0.7967,145
2004.6127999999999,2005.61276,1.0,1.6591,0.7844,149
2004.6897199999999,2005.68968,1.0,1.4599,0.7817,168
2004.7666399999998,2005.7666,1.0,1.294,1.0435,143
2004.8435599999998,2005.84352,1.0,1.3073,1.1345,137
2004.92048,2005.92044,1.0,1.2502,1.0693,130
2004.9974,2005.99736,1.0,1.2408,1.082,126
2005.07432,2006.07428,1.0,1.2523,1.0873,124
2005.15124,2006.1512,1.0,1.2546,1.0919,127
2005.22816,2006.22812,1.0,1.2801,1.1247,133
2005.3050799999999,2006.30504,1.0,1.2825,1.1303,135
2005.3819999999998,2006.38196,1.0,1.2721,1.1193,136
2005.4589199999998,2006.45888,1.0,1.2648,1.0581,137
2005.53584,2006.5358,1.0,1.255,1.0426,136
2005.61276,2006.61272,1.0,1.2223,1.0188,131
2005.68968,2006.68964,1.0,1.2549,1.194,107
2005.7666,2006.76656,1.0,1.2071,1.1173,93
2005.84352,2006.84348,1.0,1.1999,0.9798,97
2005.9204399999999,2006.9204,1.0,1.2638,1.0201,104
2005.9973599999998,2006.99732,1.0,1.2584,1.0014,110
2006.0742799999998,2007.07424,1.0,1.2982,1.0052,108
2006.1511999999998,2007.15116,1.0,1.344,0.9614,107
2006.22812,2007.22808,1.0,1.3407,0.937,99
2006.30504,2007.305,1.0,1.3479,0.8564,100
2006.38196,2007.38192,1.0,1.3318,0.8381,98
2006.45888,2007.45884,1.0,1.2623,0.7865,99
2006.5357999999999,2007.53576,1.0,1.298,0.8405,96
2006.6127199999999,2007.61268,1.0,1.2766,0.8489,97
2006.6896399999998,2007.6896,1.0,1.2549,0.8166,98
2006.7665599999998,2007.76652,1.0,1.2562,0.8076,97
2006.84348,2007.84344,1.0,1.298,0.8871,95
2006.9204,2007.92036,1.0,1.2933,0.8484,90
2006.99732,2007.99728,1.0,1.2995,0.8898,87
2007.07424,2008.0742,1.0,1.2616,0.8897,85
2007.15116,2008.15112,1.0,1.1736,0.6486,113
2007.2280799999999,2008.22804,1.0,1.1743,0.6526,117
2007.3049999999998,2008.30496,1.0,1.1762,0.6631,113
2007.3819199999998,2008.38188,1.0,1.181,0.7595,119
2007.45884,2008.4588,1.0,1.1201,0.6463,104
2007.53576,2008.53572,1.0,1.1827,0.7239,115
2007.61268,2008.61264,1.0,1.1993,0.7496,115
2007.6896,2008.68956,1.0,1.2013,0.7638,113
2007.76652,2008.76648,1.0,1.2085,0.7733,116
2007.8434399999999,2008.8434,1.0,1.1876,0.76,113
2007.9203599999998,2008.92032,1.0,1.2244,0.7844,126
2007.9972799999998,2008.99724,1.0,1.269,0.8529,135
2008.0741999999998,2009.07416,1.0,1.2585,0.8381,149
2008.15112,2009.15108,1.0,1.3037,1.093,121
2008.22804,2009.228,1.0,1.2862,1.0554,122
2008.30496,2009.30492,1.0,1.2486,1.0335,131
2008.38188,2009.38184,1.0,1.2833,1.0035,127
2008.4587999999999,2009.45876,1.0,1.3002,1.0138,132
2008.5357199999999,2009.53568,1.0,1.2608,0.952,126
2008.6126399999998,2009.6126,1.0,1.255,0.9447,125
2008.6895599999998,2009.68952,1.0,1.2346,0.9228,129
2008.76648,2009.76644,1.0,1.1427,0.6986,149
2008.8434,2009.84336,1.0,1.1774,0.6694,158
2008.92032,2009.92028,1.0,1.1621,0.6229,151
2008.99724,2009.9972,1.0,1.1944,0.5291,156
2009.07416,2010.07412,1.0,1.1965,0.5075,153
2009.1510799999999,2010.15104,1.0,1.1901,0.533,158
2009.2279999999998,2010.22796,1.0,1.2139,0.5409,171
2009.3049199999998,2010.30488,1.0,3.8728,3.0393,633
2009.38184,2010.3818,1.0,3.9624,3.0336,730
2009.45876,2010.45872,1.0,4.0376,2.9747,804
2009.53568,2010.53564,1.0,4.0728,2.9706,840
2009.6126,2010.61256,1.0,4.0527,2.9753,861
2009.68952,2010.68948,1.0,4.0387,2.9803,871
2009.7664399999999,2010.7664,1.0,4.0744,2.976,872
2009.8433599999998,2010.84332,1.0,4.0538,2.9827,880
2009.9202799999998,2010.92024,1.0,4.039,2.9862,884
2009.9971999999998,2010.99716,1.0,4.0428,2.9863,886
2010.07412,2011.07408,1.0,4.0293,2.9854,896
2010.15104,2011.151,1.0,4.0318,2.9743,901
2010.22796,2011.22792,1.0,4.0576,2.9651,890
2010.30488,2011.30484,1.0,4.0097,2.8201,458
2010.3817999999999,2011.38176,1.0,3.6508,2.6715,375
2010.4587199999999,2011.45868,1.0,3.0618,2.4947,309
2010.5356399999998,2011.5356,1.0,2.8917,2.4589,275
2010.6125599999998,2011.61252,1.0,2.8934,2.3664,254
2010.68948,2011.68944,1.0,2.8442,2.2391,247
2010.7664,2011.76636,1.0,2.7005,2.2812,226
2010.84332,2011.84328,1.0,2.6568,2.2933,216
2010.92024,2011.9202,1.0,2.6357,2.272,203
2010.99716,2011.99712,1.0,2.45,2.1747,182
2011.0740799999999,2012.07404,1.0,2.3769,2.29,162
2011.1509999999998,2012.15096,1.0,2.1319,2.1279,151
2011.2279199999998,2012.22788,1.0,2.0229,2.1125,148
2011.3048399999998,2012.3048,1.0,1.8924,2.4108,112
2011.38176,2012.38172,1.0,2.0467,2.6577,104
2011.45868,2012.45864,1.0,1.926,2.6222,97
2011.5356,2012.53556,1.0,1.6942,2.5496,100
2011.61252,2012.61248,1.0,1.5415,2.4451,107
2011.6894399999999,2012.6894,1.0,1.5498,1.9742,141
2011.7663599999998,2012.76632,1.0,1.6027,1.989,141
2011.8432799999998,2012.84324,1.0,1.5284,1.86,138
2011.9201999999998,2012.92016,1.0,1.5051,1.832,139
2011.99712,2012.99708,1.0,1.5023,1.8066,145
2012.07404,2013.074,1.0,1.4989,1.8251,146
2012.15096,2013.15092,1.0,1.4794,1.7205,151
2012.22788,2013.22784,1.0,1.4935,1.7011,156
2012.3048,2013.30476,1.0,1.4571,1.6957,158
2012.3817199999999,2013.38168,1.0,1.435,1.5826,148
2012.4586399999998,2013.4586,1.0,1.4154,1.5162,146
2012.5355599999998,2013.53552,1.0,1.4074,1.1832,139
2012.61248,2013.61244,1.0,1.4138,1.0584,133
2012.6894,2013.68936,1.0,1.3049,1.3784,91
2012.76632,2013.76628,1.0,1.2987,1.2755,96
2012.84324,2013.8432,1.0,1.2818,1.2472,94
2012.92016,2013.92012,1.0,1.2676,1.3013,93
2012.9970799999999,2013.99704,1.0,1.2842,1.2844,95
2013.0739999999998,2014.07396,1.0,1.2725,1.191,98
2013.1509199999998,2014.15088,1.0,1.3559,1.3429,93
2013.2278399999998,2014.2278,1.0,1.3292,1.3942,86
2013.30476,2014.30472,1.0,1.2853,1.2076,86
2013.38168,2014.38164,1.0,1.291,1.1399,92
2013.4586,2014.45856,1.0,1.274,1.0816,91
2013.53552,2014.53548,1.0,1.2873,1.1292,91
2013.6124399999999,2014.6124,1.0,1.3069,1.172,88
2013.6893599999999,2014.68932,1.0,1.3714,1.3156,98
2013.7662799999998,2014.76624,1.0,1.4305,1.3183,96
2013.8431999999998,2014.84316,1.0,1.4385,1.3337,98
2013.92012,2014.92008,1.0,1.4389,1.2972,98
2013.99704,2014.997,1.0,1.4257,1.3289,95
2014.07396,2015.07392,1.0,1.4767,1.3967,90
2014.15088,2015.15084,1.0,1.5312,1.3949,87
2014.2278,2015.22776,1.0,1.5606,1.4386,85
2014.3047199999999,2015.30468,1.0,1.6609,1.4719,86
2014.3816399999998,2015.3816,1.0,1.7171,1.4271,84
2014.4585599999998,2015.45852,1.0,1.6582,1.4278,92
2014.53548,2015.53544,1.0,1.6445,1.3689,89
2014.6124,2015.61236,1.0,1.6255,1.3544,87
2014.68932,2015.68928,1.0,1.5591,1.1084,77
2014.76624,2015.7662,1.0,1.4873,1.2478,73
2014.84316,2015.84312,1.0,1.4769,1.243,71
2014.9200799999999,2015.92004,1.0,1.4553,1.259,72
2014.9969999999998,2015.99696,1.0,1.3885,1.3427,72
2015.0739199999998,2016.07388,1.0,1.3738,1.2876,76
2015.1508399999998,2016.1508,1.0,1.4419,1.4867,80
2015.22776,2016.22772,1.0,1.4593,1.4186,83
2015.30468,2016.30464,1.0,1.4648,1.4892,73
2015.3816,2016.38156,1.0,1.3948,1.4796,69
2015.45852,2016.45848,1.0,1.2917,1.3632,65
2015.5354399999999,2016.5354,1.0,1.3123,1.4094,66
2015.6123599999999,2016.61232,1.0,1.3655,1.4151,73
2015.6892799999998,2016.68924,1.0,1.3952,1.4583,81
2015.7661999999998,2016.76616,1.0,1.3247,1.3068,90
2015.84312,2016.84308,1.0,1.3145,1.1889,88
2015.92004,2016.92,1.0,1.331,1.1719,87
2015.99696,2016.99692,1.0,1.2867,1.0427,97
2016.07388,2017.07384,1.0,1.2514,0.9305,103
2016.1508,2017.15076,1.0,1.2483,0.8438,100
2016.2277199999999,2017.22768,1.0,1.2912,0.9415,105
2016.3046399999998,2017.3046,1.0,1.3048,0.9422,108
2016.3815599999998,2017.38152,1.0,1.2904,0.9401,112
2016.45848,2017.45844,1.0,1.2972,0.9033,112
2016.5354,2017.53536,1.0,1.2849,0.8962,109
2016.61232,2017.61228,1.0,1.2546,0.89,107
2016.68924,2017.6892,1.0,1.2285,0.8376,100
2016.76616,2017.76612,1.0,1.212,0.8028,93
2016.8430799999999,2017.84304,1.0,1.1962,0.7927,92
2016.9199999999998,2017.91996,1.0,1.2016,0.813,92
2016.9969199999998,2017.99688,1.0,1.3386,1.0558,86
2017.0738399999998,2018.0738,1.0,1.3869,1.1548,80
2017.15076,2018.15072,1.0,1.3719,1.0941,81
2017.22768,2018.22764,1.0,1.3028,0.9662,75
2017.3046,2018.30456,1.0,1.3214,0.9768,78
2017.38152,2018.38148,1.0,1.3618,0.9513,85
2017.4584399999999,2018.4584,1.0,1.3432,1.023,79
2017.5353599999999,2018.53532,1.0,1.3693,1.0673,82
2017.6122799999998,2018.61224,1.0,1.363,0.9964,81
2017.6891999999998,2018.68916,1.0,1.4246,0.9851,85
2017.76612,2018.76608,1.0,1.4395,1.0248,82
2017.84304,2018.843,1.0,1.4329,1.0448,85
2017.91996,2018.91992,1.0,1.3464,1.194,91
2017.99688,2018.99684,1.0,1.3416,1.191,82
2018.0738,2019.07376,1.0,1.2745,1.1449,81
2018.1507199999999,2019.15068,1.0,1.3434,1.3382,82
2018.2276399999998,2019.2276,1.0,1.3444,1.391,77
2018.3045599999998,2019.30452,1.0,1.2946,1.3893,77
2018.38148,2019.38144,1.0,1.2761,1.6564,75
2018.4584,2019.45836,1.0,1.2799,1.5968,77
2018.53532,2019.53528,1.0,2.8997,1.4267,676
2018.61224,2019.6122,1.0,2.9973,1.331,732
2018.68916,2019.68912,1.0,3.0076,1.3233,744
2018.7660799999999,2019.76604,1.0,3.0191,1.3134,748
2018.8429999999998,2019.84296,1.0,3.0304,1.3019,755
2018.9199199999998,2019.91988,1.0,3.0516,1.2819,762
2018.9968399999998,2019.9968,1.0,3.0607,1.2723,773
2019.07376,2020.07372,1.0,3.0609,1.2725,773
2019.15068,2020.15064,1.0,3.0605,1.2723,773
2019.2276,2020.22756,1.0,3.0715,1.2612,783
2019.30452,2020.30448,1.0,3.0681,1.2622,801
2019.3814399999999,2020.3814,1.0,3.0173,1.2708,906
2019.4583599999999,2020.45832,1.0,2.9411,1.2738,1001
2019.5352799999998,2020.53524,1.0,1.9675,0.9375,427
2019.6121999999998,2020.61216,1.0,1.8264,0.8024,394
2019.68912,2020.68908,1.0,1.7936,0.7714,398
2019.76604,2020.766,1.0,1.7593,0.7699,445
2019.84296,2020.84292,1.0,1.7544,0.7658,440
2019.91988,2020.91984,1.0,1.7356,0.7654,445
2019.9968,2020.99676,1.0,1.7773,0.6399,462
2020.0737199999999,2021.07368,1.0,1.78,0.6385,477
2020.1506399999998,2021.1506,1.0,1.7933,0.6291,484
2020.2275599999998,2021.22752,1.0,1.7916,0.622,479
2020.30448,2021.30444,1.0,1.7764,0.63,468
2020.3814,2021.38136,1.0,1.7967,0.606,360
 
,,,Mean EQs
,,,181
 
Lat-Long: ,NELng_local,SWLng_local,NELat_local,SWLat_local,Grid,Location
Data:,-113.2437,-123.2437,39.0522,29.0522,0.33,Los Angeles
